creator_address,seconds_to_dump_mean,seconds_to_dump_median,sol_pnl_mean,sol_pnl_median,usd_pnl_mean,usd_pnl_median,total_sol_volume_mean,total_sol_volume_median,total_usd_volume_mean,total_usd_volume_median,num_swappers_mean,num_swappers_median,creator_from_sol_swaps_mean,creator_from_sol_swaps_median,creator_to_sol_swaps_mean,creator_to_sol_swaps_median,mean_time_delta
21qj6yRo17y96vFrYEo5dKtgR6HjqW4Adim2XYDMv2CN,46.822987364206114,14.999999105930328,0.5645673545163962,0.001909833,119.04865187148063,0.3899999999999863,122.36540685110401,9.686094415,25163.68310036436,2093.0,38.79761510433919,5.0,1.0520039748261014,1.0,0.9880755216959258,1.0,984.2738492328219
24J2G1aRSRLGrDcGcTq7b5wNxVpkKaJ9AjGnX6yjdTCY,450.8769777922018,22.999995946884155,0.34434491663076083,0.0001180170000001,72.64812926097628,0.0399999999999636,123.88828365528035,7.762196475,26839.373599672756,1662.9,28.539132806108537,4.0,1.0095445868557404,1.0,1.0166348513771475,1.0,2813.6091107474085
2ShHCRYe4stqdLQ4dax8ERX9RhoeDPT6NCcXjzufeUuX,144974.833329767,614.50000628829,0.07618594851714702,0.0,16.467147026632617,0.0,88.57217429200419,44.600886366500006,17517.537283838017,7008.275,50.0601970083911,43.0,0.0,0.0,0.001459321415541773,0.0,2402.497172048896
2dmMZkhARNy8C5KcTAS9iVAmjQQLUzsb2z2arrT4oT3d,,,0.0,0.0,0.0,0.0,43.1638965647855,36.052592436,6604.476933389191,5410.23,42.632174277335565,42.0,0.0,0.0,0.0,0.0,2707.778290025147
2iUsVToNZ5wxJ93epq4trrSaRFQviTNd9z6d5qNoipzp,1040.8139575705973,47.00002670288086,0.007274338708812261,-1e-05,1.6792560664112393,0.0,6.197558845517241,0.740010001,1367.9479310344827,166.45999999999998,3.8212005108556832,2.0,1.0,1.0,0.013729246487867178,0.0,3091.2098371127436
2zv1i23uwUBv4Zu9A8ZA8PJfLojz5523uekJkRtwTJgM,282.8881473428755,29.999998211860657,0.0031546009977840767,2.8999999956980105e-08,0.5198195631528965,0.0,14.615859480323836,1.284083425,3119.4876859765754,266.58,5.748338081671415,3.0,1.0003165558721114,1.0,0.9962013295346629,1.0,7422.059662775616
35WDroEZ7Kqwvxsy4XV2hmHBg25dyBUFWTXV8wn6Mm7U,,,0.0,0.0,0.0,0.0,1.6262258836223351,0.158405881,374.5214585448392,37.5,2.3062605752961085,1.0,0.0,0.0,0.0,0.0,895.6408898305085
36DWP52MVRDooYNrcRVDyoCh2R1fPXCYqKJQYg9pFQoE,27.965798504096792,14.999999105930328,0.3934803560475724,0.005619008,73.41851682705378,1.0699999999999932,87.581099027262,8.590335,16886.405368890337,1567.7800000000002,35.13836785733703,6.0,1.0001087370195183,1.0,1.0332735279725982,1.0,650.1853427122526
3eosqvAzuAX5PDMDcLbgoaJdw45Gr3niL1GZsjE66sJY,31.35470543692376,14.999999105930328,1.4760633918473685,0.0053033399999997,368.2099377990431,1.3400000000001455,227.77348207577322,13.076510664,55204.287971291866,3305.925,55.28708133971292,6.0,1.0066985645933015,1.0,0.9401913875598086,1.0,794.1161742613921
3mL9kH1KqbpFcY9Ry5u9xfZuTSiA2BDTUC6CX9GTLs2w,23.171788784465726,15.999993681907654,0.22953207071267837,0.0486366174999999,36.638987376509334,7.480000000000018,41.80279802059303,7.292062941999999,7034.207848518112,1152.115,16.195938529088913,4.0,1.0019209659714599,1.0,1.0019209659714599,1.0,1901.5278616524843
3mqbxgQ8UEwNixoGJhuyB5KDwkgN2K5jTbSpccR7bxAp,456.5712134069577,23.99999052286148,0.30122023401581915,0.0029378470000001,59.29555555555556,0.660000000000025,97.28440252693447,7.880949544,18419.19654990584,1583.71,45.97551789077213,7.0,1.0052730696798493,1.0,1.1389830508474577,1.0,4939.9996232102485
3rYj2dThkPHXxX8UNyT6361dqpeQaAU2g3mpZrEwRbnM,218.76594457351328,59.00000184774399,0.2067367412413793,0.0,31.890154612959005,0.0,110.95023135928533,9.682581356,15852.158261621402,1348.16,25.322652832875598,4.0,1.0,1.0,1.0051876716509003,1.0,528.044167263061
3xSVDcoGo4Nd5omE4q7nGHsPRfXwRE1ZmxJSkacSPrxR,,,0.0,0.0,0.0,0.0,1.7649788225687022,0.050000047,353.4056743002544,10.18,2.4440203562340965,1.0,0.0,0.0,0.0,0.0,419.66478076379065
4Kr8wN4b5VV3p9B9oxdE737oqm2d5pPm7JtLsDpdNKNz,294.0918777455463,10.0000262260437,0.2422136323493258,5.905899999980591e-05,39.44546879899655,0.01,33.8874929153603,9.344662711000002,5679.0861774851055,1602.24,23.13860144245845,7.0,1.0012543116964565,1.0,0.9793038570084666,1.0,1527.2173358827279
4RePs4EchMosyRENfkUFwZcjgMsdTt9SzYMZomtvRQEi,61.231529889063324,59.00000184774399,0.22721850929692117,2.2083000000172603e-05,36.41386008274676,0.0099999999999909,81.66080409565649,9.591805304,12763.30255923916,1597.55,33.216538606200636,6.0,1.0,1.0,1.0014507549298801,1.0,266.970359915314
58uQcUznpk8DsJBMwWkFZPwhcR91nJw1ihyDiThEoLnF,108.25463455259191,62.99998015165329,0.0670550143255208,0.00505492199999995,13.920963541666667,1.049999999999983,67.86248268691853,6.273263879,13322.11941592262,1276.6950000000002,37.934151785714285,7.0,1.0,1.0,0.984375,1.0,4776.772608857462
5Hyf6srdbrrD1HLjqxcFbXJRFBHgnwoZc7aZRj8vDuk5,22.369860966586227,12.999969720840454,0.3737962072468844,0.00012093100000005,77.33979444205701,0.0199999999999818,77.7253096179359,7.9054756335,16918.259563099844,1606.5,25.957957312705915,6.0,1.0002864919066037,1.0,1.0140381034235784,1.0,850.153912854975
5UZ6SFoRbZb3Wesbxb8xai5416CGuY8SDFFg6DJGX74Y,,,0.0,0.0,0.0,0.0,0.8016525109806167,0.0399999985,152.80322466960354,7.07,2.298458149779736,2.0,0.0,0.0,0.0,0.0,1666.2435977514053
5VED2h4zgN3cjhJWVxQgS4pLmo53HCqQrrFBStG7i4uo,569.4164702990477,13.000009953975676,0.3124219521951219,1.7262000000073385e-05,66.26926360225141,0.0,131.43582816863838,8.396088353,26112.071177298312,1795.3249999999998,26.764540337711068,5.0,1.0028142589118199,1.0,1.0201688555347093,1.0,1464.108644307983
5WYwniGiyuTm9QtTECH1R7cyee5W8zgFp7oy6j3QbNtV,905.5250195646546,555.0000071525574,3.9463901937043116e-05,-9.999999994736442e-10,0.000899919289749783,0.0,0.36254701572639225,0.1000004585,47.344737691686845,13.54,2.7732041969330106,2.0,1.0020177562550443,1.0,1.0,1.0,248.58336697618086
5WuTSCsQ4dhSPLVsiZFyZMWQfRxvZaXxXsJ34bvvYapB,,,0.0,0.0,0.0,0.0,2.0278186987998934,0.204159999,386.16450039968026,39.650000000000006,2.887556621369571,2.0,0.0,0.0,0.0,0.0,5265.46404109589
5wndZMmZzydwLvhhGWcm2pwztDGv6qFcrhwbKjTGeJ4f,363.99525943135853,62.99998015165329,0.11798948409118792,0.0319809429999999,20.46998047964306,5.944999999999993,96.66137308103737,7.812052809,19033.734676519798,1261.455,50.09899609592861,8.0,1.0,1.0,1.01840490797546,1.0,2004.6585774058578
63EbUyj9a4K86NimRCdpFzobzDUKjAZHa18raKvyqdsA,18.69302959887975,14.999999105930328,0.156713040288874,0.0035256999999999,23.460207774798924,0.5400000000000205,93.15133138597888,7.5969624635,12890.051467828418,1125.5149999999999,34.90650134048257,8.0,1.0365281501340482,1.0,1.1005361930294906,1.0,1392.18102581294
6WgXuHPo9xWu1Mzt8hULYWFwpyh1WwhByPYjsF23h41A,474.2710648278525,598.0000153183937,0.07192516324036574,0.0,17.28041476159373,0.0,80.36911568630046,4.886200412,18668.750555192684,1163.53,12.039843239712607,3.0,1.0,1.0,1.0,1.0,535.3472131147541
6Wkq1znNRV2Kf8JmJfhFTT2udrRkJF5pAtYv8ykY3tK6,46.523809113672804,28.50000634789467,0.0035797858562259294,-1e-09,0.7743175010697478,0.0,5.385104639171588,0.158603959,1175.1623791185277,33.64,4.840393667094566,3.0,1.0008557980316646,1.0,0.01797175866495507,0.0,4102.388697152718
6d22FozaKK239PoBYVffkYKA1QPQZE8fC7AQkpmHQfjp,45.25908496657336,14.000004529953005,0.2680717868735523,0.00017354,51.508146193278904,0.0399999999999636,49.53141956460797,8.332132210000001,9935.389358648186,1617.18,22.86569204480729,6.0,1.0006075564837669,1.0,1.0446554015568634,1.0,449.55404993909866
6rXTgb8dp7FaavXt11qjRd9KzGHzCJtgBxupo9phS4Sg,96.7803027798337,22.999995946884155,0.43200690249834517,0.0,87.80095035460994,0.0,75.48220744246572,11.081387537,14310.836302600472,2497.56,19.713475177304964,4.0,1.0094562647754137,1.0,1.0231678486997635,1.0,1762.1064333017976
7AZBJFbLghiFBQ7mZFq6ANPMtUcar3Azc7icCf3eYB1A,23.967373042793596,22.999995946884155,0.09232301095720337,0.0,12.288813559322033,0.0,51.9755881657178,6.3606610395,7045.191059322034,839.845,22.057627118644067,5.0,1.0,1.0,1.0,1.0,522.704111911827
7R3KWHxzCf1eevnqHh4YymyTf4WsVJRwVHjrTGiV5zq1,36.5591677003906,25.00002533197403,0.17735497628844374,0.0004953539999998,37.65217411402158,0.0999999999999659,50.98535253446749,6.8127951630000005,10853.719204930663,1440.1599999999999,20.213713405238828,4.0,1.001386748844376,1.0,1.011864406779661,1.0,2313.1371551856987
7m6zpeapVnx52JLqrcEsp56XXN6skUeWMZDUFzDjE2yC,173.24784398745211,25.99997967481613,1.20721884081179,0.0010294385000002,282.5579935100054,0.2099999999999227,784.76125424784,12.101846009,182748.72617090322,2744.1800000000003,76.11492698756085,6.0,1.0016224986479179,1.0,0.9148188209843159,1.0,461.9358584462262
83QQFLxcEzuJZaejBnzAiW5tyfyaRHMLZnkhJbRPRWtf,87.51072457964467,13.000009953975676,0.3990672834639258,6.500000093723202e-09,82.12925086037365,0.0,139.2707462713994,8.475269298499999,28756.423038348083,1644.355,31.4194936086529,6.0,1.0004301868239922,1.0,1.015302359882006,1.0,698.0185447600271
8JBqFdE18SF1iayZPHX5mL7cZuhZqFNx3XWeU2Peiz6f,70.87413885684545,37.99999505281448,0.14093810201290874,0.001541714,24.947969018932877,0.2900000000000204,31.824318280376936,6.2989731935,5721.5175972461275,1158.4450000000002,13.658864027538726,4.0,1.0068846815834767,1.0,1.0008605851979346,1.0,4370.109313134791
8kcDVZfn5KN2mTQSdo72SiZjCyeGoTM2s6n5m96XoV5u,700.6666749715805,726.9999995827675,0.043343281735397456,0.0,6.746697408871322,0.0,52.43863596447233,38.508502217,8311.80050944225,6033.055,44.318401405357925,42.0,0.0,0.0,0.0006587615283267457,0.0,2167.006808697562
99q4g7RHKh1eD2w95HFSQdakYC6RqmAqEyzptCLN74E4,5416.928548659567,29.00000363588333,0.31197055402213086,0.1973855669999999,58.52606070186532,34.0,127.54105957013878,15.082802358,25212.48438507746,2823.71,64.68131520708188,11.0,1.0,1.0,1.0467910211824218,1.0,5688.701138519924
9RaEEUfFwbzNSA6qBpYzew67xBehfT4soKbUR5KuQNJf,118.01189876654568,59.00000184774399,0.43929694649338025,0.0021926509999996,99.15378247025306,0.4700000000000273,241.4298374655867,9.710256773,51294.876695156694,2099.21,53.97419138595609,6.0,1.0003351768057651,1.0,1.008044243338361,1.0,1212.1664122137404
9ZCrb9iKawp1e5Gw3r2BpHpCZQbHFg6DLguzQ5SkP2Eg,102.58182379485537,14.000004529953005,0.4294417323981862,0.0,83.36663999390338,0.0,60.636995721097776,10.694181718,11353.638346288675,2168.625,25.944520652339584,6.0,1.0012955342173449,1.0,1.0138698369151045,1.0,291.5990990990991
9gnDS5oNivUzftLJDeAKqcqA3H7t8puiPHabNB3sWk8q,56.005437415570874,37.99999505281448,0.09662846739284095,0.0,12.634608065246942,0.0,35.205449274496154,6.361164495,4573.103203443588,830.45,16.656547349343,5.0,1.0,1.0,1.0,1.0,834.9614687216682
9km7F8EoqxtmjJ54AmfESiid6A7WQNkvF6BvpfvZJC62,1760.6201579433564,66.99999868869781,0.21302663706249997,0.0,47.94976672535211,0.0,38.74034524763424,10.700435507,8226.971456866198,2427.465,19.3631161971831,5.0,1.0,1.0,1.0039612676056338,1.0,1599.351124834583
9nNxZ2wWkj46cruV3UA8vTNyJP3arvwDjcdYvAez6BxR,27.4939903174527,13.000009953975676,0.8159425618429554,0.0,160.38647921029016,0.0,263.68658600000776,11.299999979,55720.35669757702,2056.86,47.51510619204308,3.0,1.0,1.0,1.073287466347592,1.0,728.6448137888581
9pcfJsidozuhAWcnaDCSvNJQ6A6tzRDf4UN7g4upTZrx,24.481585339081583,22.00000137090683,0.21559975071199997,0.18565781049999996,27.898776,23.885000000000005,35.5569666614896,6.266793123,4552.362224,803.94,22.3444,7.0,1.0,1.0,0.9992,1.0,853.0100040016007
AL8JqmDEWKs67EwXwTnc58ab4w2CeSe6igq7uXFBZFja,,,0.0,0.0,0.0,0.0,1.4107314047693467,0.5998764845,289.7884924623115,124.08,2.3909547738693466,2.0,0.0,0.0,0.0,0.0,1639.6065959952887
APVEy4vUEQ3dAvQmuJWXdQ2w13zwQ7ykmxdQP9iivPkJ,657.7764553206356,23.99999052286148,0.12733250860168757,0.0079607059999999,25.246527477282562,1.4350000000000023,111.6820878725926,6.7952630339999995,22315.606843357855,1306.225,34.13262656858503,6.0,1.0015144958892255,1.0,1.00951968844656,1.0,6539.882709370266
ARuJrNERmFxdNLU9BLeWLEKWJweUMdcF7bJJdGfGsY47,107.90596234454614,12.000015377998352,1.2538878785292782,0.0001313930000002,227.17529732183385,0.0299999999999727,92.07099611336768,10.935707728,16986.717703132093,2187.36,39.02905129369042,6.0,1.0226963231956423,1.0,0.9959146618247844,1.0,1835.1511027686531
AVsRdizrKsZ3MP5y7bW9Yihr7aBvF4zu4s8s9Ltqm4fu,17.58664972079334,13.000009953975676,0.1748142179510779,0.03559628300000005,25.85004975124378,5.0,153.76390575663558,7.775634762,21431.80528606965,1153.065,61.51990049751244,9.0,1.0,1.0,1.2002487562189055,1.0,1003.9643301534633
AxZ7aE7d1vHAabw6z43DzsdZf3ndHxBNsC9Xptx15qSP,67500.33331811428,23678.99998873472,2.1297507860261965e-05,0.0,0.0028034934497816596,0.0,852.5556203159621,13.3142662695,120136.44205676856,2092.45,76.06855895196506,6.0,0.0008733624454148472,0.0,0.0017467248908296944,0.0,2024.1683605832966
B8xTCohpTmuR57pJ8ucKPZfBjdw3Lfkvii4deXRRrL4H,1323.8709238514257,14.000004529953005,0.22424109630637637,0.0,44.935215362769625,0.0,49.529356014583,7.247056194,9585.474366759077,1501.12,20.29657177632024,5.0,0.9949962810196767,1.0,1.0300223138819393,1.0,714.0306192977606
B9Zbs2W9VK22AHnCWiK4PqBueDFzN17RNAFu5uFozLMJ,78.35550451368753,8.999991416931152,0.7085057104255548,0.0005689350000004,135.96543510423672,0.1499999999999772,116.73034445854795,10.615367676,20346.613320780092,1986.75,36.328984532616005,7.0,1.0001344989912575,1.0,1.0464021519838602,1.0,1564.8563763929014
BEnGowz22N6QtVdBCqG53FzYGdPhBqSZmPD3aCgnq4NM,100.40575437282514,59.00000184774399,0.32067760670264384,0.0,67.38462830482115,0.0,102.65505957188569,9.600000391,21783.810127527217,1815.06,24.04587869362364,6.0,1.0,1.0,1.0027993779160187,1.0,1077.727910238429
BfAgS1vsK2Wja56zxcBrMMdn6sFgTnMmZu3wi4XwiAt3,132.8662287178852,16.99998825788498,0.6086894990086569,9.999965300266922e-10,113.48903090056511,0.0099999999999909,109.42850083332668,10.742792843,20022.147387279067,2105.99,34.39064566550439,6.0,1.0008416496332813,1.0,1.032102921726584,1.0,469.54144181541443
BfKHhnkVSzPCdY8fyW4RayqDr7FZXRVLRUHtr3kvAhe1,27.15782903243704,26.000019907951355,0.25119569354237997,0.002569437,34.58042171189979,0.3799999999999954,76.71109517225888,9.570300252,10726.137778705637,1285.62,36.39916492693111,7.0,1.0,1.0,1.0041753653444676,1.0,1674.3834586466166
BkK4Qf6KxeppehRiupWTLvQd2WuruTd3HxciYUW9u7nC,,,-0.00011410767696909273,-0.0001,-0.019780658025922233,-0.02,1.1272606077726819,0.014628187,184.88481555334,2.225,4.704386839481555,2.0,1.0,1.0,0.0,0.0,1739.1264822134387
BtDaZUqHr2mKH5EYQCztuerHBuBEfQNYdquTDtEZp2Ym,4414.532241695727,28.00000905990601,0.2770630322706039,0.000544928,57.062655989322664,0.1500000000000341,67.24588517069203,7.955055747999999,12565.804611277945,1563.16,25.351017684351017,4.0,1.0497163830497165,1.0,1.1057724391057724,1.0,4565.908118944203
BwaVFCDJ4HfRfFWq1S23LHkk5VF4GKEw9oz7F1PxgcHv,90.25351472579095,10.999980568885803,0.6294179929006348,0.0026541189999997,120.77661149529531,0.5300000000000864,235.11878995736384,10.2832278725,45118.33730019272,1950.315,47.2369345879152,6.0,1.0001133658315384,1.0,1.0071987303026868,1.0,414.916838606144
Bx7SLBFceTJLrqcBFisb5NmmFCFtXQSm4o1oYpCHuhB9,253.25913351890787,41.00001901388168,0.31430538761195015,0.0,51.8820747217806,0.0,40.52499719943018,12.178560703,6233.280151033386,2012.0549999999998,21.14440911499735,5.0,1.0115262321144673,1.0,0.9903285638579756,1.0,768.3416408460191
C4udGwTg6oqcrr8SmSLmkcXDbaFEcopsiaT21KUE4psU,245.0260427132443,30.999992787837986,0.15016853692602383,0.0516980660000001,21.23513304397056,7.169999999999959,159.5608734589749,9.36155588,30906.879014908474,1314.73,54.70843555387809,10.0,1.0013210039630118,1.0,1.9384789582940178,2.0,1140.8512646281615
C88rn1cz1PcRJFh44TuynaWbnRis4xuBRi65sD1Nwxog,22.56922090702249,14.000004529953005,0.2936791056234385,0.0,57.430962524369995,0.0,55.66375710932956,7.623801106,10423.97388836739,1551.73,23.03133800274388,6.0,1.0002888295183767,1.0,1.0184128817965197,1.0,819.1135295393738
CBprciwsVHdfrjMGjH9psEJTh6ADBFRkpJWjTfMFPsWD,45.666687190532684,61.00003123283386,0.0002047687994282994,-1e-06,0.04845164363982851,0.0,0.4645682169904717,1e-06,105.75142925202478,0.0,1.9199618866126726,1.0,1.0,1.0,0.0014292520247737017,0.0,2763.7331875341715
CEUA7zVoDRqRYoeHTP58UHU6TR8yvtVbeLrX1dppqoXJ,217.20329655957184,27.00001448392868,0.11944790705337519,0.0011128635000000001,16.053422291993723,0.1599999999999681,30.915603950456045,7.459689612,4085.3365031397175,983.67,22.668367346938776,6.0,1.0019623233908947,1.0,1.0145211930926217,1.0,1258.3930113859442
CVvJnDPcWdmUJN6YC4cHwBS2cJ9T8KoVh3xEwGquHYz1,657.5874599815625,40.00002443790436,0.19573348594561685,0.022852249999999852,34.327493912337665,3.920000000000016,170.18560960218346,7.942548309999999,30296.73755681818,1331.835,54.63453733766234,6.0,1.0099431818181819,1.0,1.0237418831168832,1.0,5471.0282118936475
CdHVrkVb4C5wHTyaX1Ugvyp1jDFypvnFXE3bQzxKL63u,6198.279039987087,28.00000905990601,0.00041257026109157877,3.331000000000514e-06,0.08471433131184158,0.0,8.942628757067666,0.344111612,1777.0653143951483,71.0,5.1034152569422275,3.0,1.0,1.0,0.997446536865624,1.0,2575.7193961273383
CnhceAx6ikwtPyh99zURT4SpqpAiLBE1ucG2f5rGQJTn,,,-3.4216335540838854e-06,0.0,-0.000684326710816777,0.0,1.1377704390022074,0.040977975,222.76216335540838,7.87,2.3410596026490067,2.0,0.03421633554083885,0.0,0.0,0.0,3835.4166666666665
Cw6cQLB7M4PgTARUTkEdgQSZdcbuSv7jL5EFmVh6r4rP,447.0633295006161,23.99999052286148,0.0019964376103428897,1.4799999999148827e-07,0.36625553097345137,0.0,5.961455362298949,0.358077755,1256.8639297566372,73.005,5.057522123893805,3.0,1.0,1.0,1.0002765486725664,1.0,5235.643461104848
Czw16TyoyxktCSsS1BNXmUdjXTvsWxX6VPqrKUMwS6To,655.0363553539376,43.000008165836334,0.6180988850461259,0.0075000389999999,137.06182231311067,1.830000000000041,234.08497326275668,18.73084704,54123.33133378777,4065.32,57.69347875482845,7.0,1.0027266530334016,1.0,1.006589411497387,1.0,2600.3338636363637
D3sovmjANgA8V27e5rnQft8kV3mocSH8gw9zwth3Ba9g,35.62760840154252,14.999999105930328,0.19199023812461355,5.914200000001202e-05,26.810592156105102,0.0099999999999909,57.214082955643256,9.2182791145,7656.661140842349,1254.49,24.263234157650697,7.0,1.000096599690881,1.0,1.0401854714064915,1.0,598.022931785196
DBSKUS51oysvm9LX81kT3vypKQNjSZMchhubPECMzhcV,49.94818657672277,29.999998211860657,0.11480716183220405,0.0,23.88883618971702,0.0,72.3070367624671,6.561579554,13802.103595057793,1348.97,20.854125149461936,6.0,1.0019928258270228,1.0,1.0019928258270228,1.0,3416.712519936204
DBsttoy6Eunu4KMyxZMReRgMar6URXWmiYjr5XgML4Qf,293.4933429705864,39.999984204769135,0.45949808044264084,0.0004685960000001,87.37928506292175,0.1700000000000159,177.70583432523034,13.685895767,34073.44617909903,2658.42,37.59383549151924,5.0,1.0047419296005837,1.0,1.0023709648002919,1.0,520.4683451924831
DCWFXmVxofgsFi8zUvrHfP4zUTyJpk3uC5Vw3siSjuac,13163.11295595874,1364.9999991059303,-0.0009054857222782267,-0.0005,-0.11437499999999977,-0.07,1.332604668340222,0.002499999,210.52277217741934,0.35,3.8382056451612905,2.0,1.0,1.0,0.15171370967741934,0.0,856.2644135188867
DR7ghPiRVBJ3YeP3FUJRuSa4XaWq4Pkw8ZM4JYs1PyJ9,25.3670647321498,20.00001221895218,0.20363835648735362,0.0048531469999999,27.968868852459018,0.6900000000000119,44.03740343157588,7.67622667,6105.218384074941,1063.395,33.248711943793914,7.0,1.024824355971897,1.0,1.3142857142857143,1.0,1446.155539939096
DUKVDysvzUK5tdfe1Y3kShdEtgHy7j92caUHSHHrECiW,2119.9323914945126,28.00000905990601,1.0624711046677828,0.0013545490000002,202.21535030140657,0.3300000000000409,203.31887721412969,11.513964145,33865.15990221032,2302.76,60.3959812458138,6.0,1.0079035498995312,1.0,1.0286671131949097,1.0,654.7561372575614
DcYNRoV7vprCmS8nf4pmDBzCeVhrFErtPjPbWzdF5Gsm,184.16526609537553,17.000028491020203,0.29308849880651566,0.0024105300000001,66.3840961462058,0.5899999999999181,62.911701074959474,8.242749736,14120.4396344855,1835.3,27.253873659117996,4.0,1.0,1.0,1.5363528009535161,2.0,1642.5008025682182
DhPzAN3UQZcKxqh5e9Nk7xD8jYVR9W5QZ9Yfo3F1ydkY,25.624940786074635,17.999982833862305,0.16567170488055422,0.0051611999999998,34.37032011466794,0.9600000000000364,111.3797179129293,9.031453626,21334.2172288581,1861.93,41.42427138079312,9.0,1.005255613951266,1.0,1.0028666985188723,1.0,2719.4177820267687
DjXkmBJ99hK33sN8MznifJoW6WEUXyRNskMRT85gt5Du,105.38565945313421,72.00001180171967,0.07062077569883887,0.0006285029999999,10.801814223512336,0.0999999999999943,43.675970181622404,5.006578126,6955.306937590711,755.29,26.18238993710692,6.0,1.0053217223028543,1.0,1.2663280116110305,1.0,1345.0960561335592
Dq3fi8ZmBhkrwHFBChLk2pqV8iAGW9uuJP7coshGzqT6,74.75012271039739,19.000017642974854,0.11228652258991331,0.058076862,21.18479810364558,9.629999999999988,97.90320484317834,8.773996822500001,18774.475369462154,1597.96,47.33513160045774,9.0,1.0013078306359326,1.0,1.1989537354912538,1.0,1383.5665821957002
DvYMP4DA4btaTsYwJnYm4kge7cfH25ydtbP2CiGRzQY1,151.41824859898765,41.00001901388168,0.07451211192440892,0.0061092250000001,12.136386946386946,0.950000000000017,50.65320019836863,5.614943627000001,8162.69333000333,950.04,25.3033633033633,5.0,1.0206460206460206,1.0,1.025974025974026,1.0,5931.514323784144
DwLkyeGhL88dMHFQVsNbrXaV8NKPhithse4szKZr3xTn,617.016822881472,20.00001221895218,0.2240803239401408,0.01203011100000005,46.067769953051645,2.164999999999978,176.3739747573783,8.1204940645,36298.21548904538,1602.75,56.61267605633803,5.0,1.0054773082942097,1.0,1.013302034428795,1.0,6387.171428571429
E7u2KNuz88y1q9sbS6WrCjmZXMVgUf5wDtzqMweAtacu,40.71858383411596,7.0000022649765015,0.6782994237314768,0.0027886669999999,108.53080453842188,0.5299999999999727,105.49112162649047,11.583355118,17814.763730445247,1991.11,43.1691593604951,7.0,1.016847172081829,1.0,1.0440089393157985,1.0,948.5663885992353
EBbQ8XAa5MztUx1zbKhaNKKwcvNGxovdF7rG6iHZ2aun,3896.625618700723,9.999985992908478,0.3633304757894477,0.0,64.23164201183431,0.0,82.72688063574458,10.497269441499999,12412.86639546351,1811.025,28.0034516765286,6.0,1.0009861932938855,1.0,1.0009861932938855,1.0,4715.857354392892
EKd7ZAUxmbKnTmQxUaX7yVYHUKUYieAvoE5ix79ycxoM,14.610619371575591,11.000020802021028,1.068477673771197,0.0683964010000002,204.49100024576063,13.480000000000018,312.7012793816326,14.492927184,60043.873526665026,2711.54,46.94347505529614,4.0,1.0004915212582943,1.0,1.0068812976161219,1.0,1488.930135301353
ER561nUdWcJzCvbykPL34Sv6XzGXiW4y7LP1Nezfvp95,79.09577995496319,56.999972462654114,0.05601288412565195,0.0006342169999999,8.62784495021337,0.1100000000000136,35.78694329202418,5.7500964395,5470.342683736369,873.91,27.549786628733997,7.0,1.0075865339023233,1.0,1.1927453769559033,1.0,1315.0488498932891
EYeh1jmU9xoxpdEBzyN6ugMeS6aqaYGw2igt4andKjuk,651.2084516451786,41.999973356723785,0.5351888862866993,0.041511052,79.33913219789132,6.284999999999968,233.74768585863544,16.087088246,35850.97308596918,2383.9049999999997,57.1455798864558,8.0,1.0020275750202758,1.0,1.0016220600162207,1.0,4612.79107505071
EdvwU6CoszVjbMyTgptMmhGLXTkaPoXcyt64ZAY9s2wc,748.6666694283485,832.0000134408474,0.13645874852603743,0.0,21.99447518307567,0.0,65.01145555831081,53.351887378,10696.597306753458,8533.66,157.65703824247356,48.0,0.0,0.0,0.0032546786004882017,0.0,783.8017908017908
EfeBya37moNZQ2T6yjDbachWWZ2cEHfGcBS4vThVFkLd,16.37165272142434,11.000020802021028,0.7349230519357679,0.0439506999999999,153.58249429409847,8.509999999999991,217.45991023893708,11.30059865,44018.459517443756,2313.51,61.285947179654386,6.0,0.9996739484838605,1.0,1.0123899576133029,1.0,999.452855245684
FJqiMbEQwg6AoAHdTHqFwRcpbSN67zv72gKBh5dfxjTh,161.59632640712945,28.00000905990601,0.5460583780017086,-1.000000082740371e-09,132.865993165314,0.0,98.96376954885477,5.940241049,23172.364493806068,1292.4,27.612131567706108,4.0,1.0,1.0,1.0064075181546348,1.0,553.1863247863248
FNY7kp2QuEJY38wY95hxhWwHe54ZDe3oardKYjiuNqcE,142.439756480838,37.00000047683716,0.10289723538677012,0.021009351,17.279514006074923,3.3700000000000045,69.18955558410158,7.716008779999999,12160.112122848464,1259.9,37.82112723590955,6.0,1.0205872426594667,1.0,1.0715491056361794,1.0,9010.9635381499
FTJehT8nT8Ar5hXKQKPSJDMSF8evxqQxjnACf7wUcnDp,29.596654896905846,17.999982833862305,0.17150669841267988,0.053583602,27.85740567872423,9.230000000000018,53.10020921288837,10.414239766,8517.678735900428,1719.16,38.290159471022946,11.0,1.0038895371450798,1.0,1.1252430960715676,1.0,2696.214785992218
FZt2R8haxvyTTmdbJyQvB2sq2aAe92XQW8zksC7vGtr7,24.06673689850766,22.00000137090683,0.11145045584334388,0.0011867739999997,14.642086406743942,0.1500000000000341,34.488016087284514,7.041884396,4529.736417281349,931.73,22.61678960309097,6.0,1.0007024938531788,1.0,1.5574288724973657,2.0,752.5474349964863
FiYwf895W6ntoitNvhVwBLS4uwKZmMhsxiQmYY44488U,,,-9.466127081681206e-05,-0.0001,-0.019907811260904046,-0.02,1.630263943660785,0.079076268,339.51726704996037,14.66,2.7134218873909597,2.0,0.5776169706582077,1.0,0.0,0.0,730.8018881626725
FjeaKDFAgexEPZbAFHwE4cL1MFvn1o6EL1qehcmVStCX,1057.3362367592633,23.99999052286148,0.12490168161411991,0.0008518950000000001,16.635053191489362,0.12499999999999994,158.236623595074,7.428129162,20750.042901353965,988.55,53.59284332688588,6.0,1.054642166344294,1.0,1.043036750483559,1.0,2411.600870827286
FmkKSQHYXScWgJcF9KPQ3VsJ1yX5CZ7UoH1JrZpCMf4g,366.90815857228966,13.000009953975676,0.45983015275320366,0.0019701489999999,93.15563360227812,0.4699999999999136,56.77387256076981,8.446824574,11316.674181300426,1747.41,22.72093023255814,5.0,1.0009492168960608,1.0,1.0018984337921215,1.0,2097.7120994739357
GKi4U67uY5SKHDPMzpXDy1FU6gAetGcyuqC8aWY72SFj,5985.79097172653,64.00001496076584,1.4059812653260374e-05,0.0,0.001873467385973516,0.0,0.5199400299004414,0.022,67.92711623344778,2.8600000000000003,3.43746934771947,2.0,1.0,1.0,0.9995095635115253,1.0,1214.4661314601103
GNzV2sx87Ua3Pkb2s6hM13CBbHfrgsSHYiB6s8TKBdg8,274.40409808049554,13.000009953975676,0.41533688379218164,0.0,55.203514868025394,0.0,52.18552880461376,10.321054932,6831.900364183093,1418.91,19.00868693618443,4.0,1.0013364517206815,1.0,1.052789842966923,1.0,851.622654155496
GZVSEAajExLJEvACHHQcujBw7nJq98GWUEZtood9LM9b,199.92533042173554,7.0000022649765015,0.3206669032289236,0.1582492230000001,44.64482060312569,21.120000000000005,114.42560370547194,18.556588007,15840.916302003083,2502.25,78.37816420867269,19.0,1.0050627338762932,1.0,1.0090248734316531,1.0,1689.1411272567152
GdRSPexhxbQz5H2zFQrNN2BAZUqEjAULBigTPvQ6oDMP,20.36780985946251,16.99998825788498,0.26947671575995963,0.0223317789999999,35.22186081694402,2.910000000000025,114.67677548721987,10.87854528,14970.239571356531,1409.16,56.903681290973275,8.0,1.0040342914775593,1.0,1.6238023197175997,2.0,912.4767911200807
Gfrm6udiftPdF6oN77dmYFq1AoKvNQwtgFBa7N4ojt4Q,91.43675798660801,30.999992787837986,0.5656789639852701,0.010227897,95.57437397708675,1.8950000000000102,116.81395914801882,14.949925516,19206.487516366615,2655.455,32.05973813420622,5.0,1.0053191489361701,1.0,1.0437806873977087,1.0,3851.3786328284896
GoYzFXdR95h8JKyn7rnfRteRwBoxQzYiLBqBYt6oXcJd,12001.928564161062,152.99999490380287,0.0009683742112379803,-1e-05,0.1957361778846153,0.0,10.483566716714543,0.792008417,2396.8167217548075,175.36,4.648737980769231,2.0,1.0,1.0,0.004206730769230769,0.0,3220.372407574391
H7eoNn4jW2maqWiVxVnCTCWAujZyGknrw4ciu2wGJ6Z6,133.3979098994728,44.999997317790985,0.27558677564831185,0.0008106404999999,55.60811093247589,0.1600000000000818,128.70901762331832,7.5421573925,27570.497307073954,1588.355,46.26607717041801,6.0,1.0,1.0,1.194935691318328,1.0,4590.349819059107
HavAFP3GPF9Jp7CpqfK8P5HydNhZsBb7Z7w4jRKhpmVP,3703.200006186962,608.0000013113022,0.04588833948415765,0.0,7.800840417310665,0.0,85.26913500681454,38.3996489165,14155.277992658424,6018.87,49.64644513137558,42.0,0.0,0.0,0.0009659969088098918,0.0,1858.7878260869566
J5v4hejS2hRAeWcPoEsax2jTj4jJtmo7JNLxgijgpoN3,31.34067322042011,17.000028491020203,0.20278917311234568,0.0011887439999999998,34.78055967078189,0.1899999999999977,58.66927216873786,6.909740239,10038.738946502059,1166.645,20.885185185185186,3.0,0.9991769547325103,1.0,0.9921810699588477,1.0,3901.9884488448847
MNhBbrscBPmeid54buiqSgyWa4D8PY6uKHoK2wJsTJN,48.228769371712026,14.000004529953005,0.35097761761394963,9.056600000012516e-05,71.3301327069474,0.0199999999999818,88.08247268306793,8.2592234655,18515.898417118166,1604.25,31.899903984637543,6.0,1.0003086208079006,1.0,1.0577120910774296,1.0,435.17951095542276
MQnV5QAWeyaWiagC2B3pswGZgVWqXYQydXxJBnpvPtm,,,0.0,0.0,0.0,0.0,1.861058471406744,0.099999999,406.77759747102215,24.09,2.112750263435195,1.0,0.0,0.0,0.0,0.0,751.2190476190476
